PRODUTO	PREÇO	LOCALIDADE	PÁGINA NA LOJA
Sala Comercial - Centro Joinville - 11° Andar	R$330.000,00	Joinville, América	https://sc.olx.com.br/norte-de-santa-catarina/comercio-e-industria/sala-comercial-centro-joinville-11-andar-1377935767
Galpão em laguna	R$4.800,00	Laguna	https://sc.olx.com.br/florianopolis-e-regiao/comercio-e-industria/galpao-em-laguna-1292356816
Loja Balneário Shopping IMPERDÍVEL	R$450.000,00	Balneário Camboriú, Estados	https://sc.olx.com.br/norte-de-santa-catarina/comercio-e-industria/loja-balneario-shopping-imperdivel-1341817776
Loja de Conveniência e Bar - Excelente Ponto Quadra Mar	R$160.000,00	Balneário Camboriú, Centro	https://sc.olx.com.br/norte-de-santa-catarina/comercio-e-industria/loja-de-conveniencia-e-bar-excelente-ponto-quadra-mar-1380269192
Terreno com Área Total de 5.552m² em Jaraguá do Sul, SC	R$550.000,00	Jaraguá do Sul, Nereu Ramos	https://sc.olx.com.br/norte-de-santa-catarina/comercio-e-industria/terreno-com-area-total-de-5-552m-em-jaragua-do-sul-sc-1387402441
Sala para locação	R$1.200,00	Balneário Camboriú, Centro	https://sc.olx.com.br/norte-de-santa-catarina/comercio-e-industria/sala-para-locacao-1387400078
Aluguel de sala	----	Joinville, Jardim Iririú	https://sc.olx.com.br/norte-de-santa-catarina/comercio-e-industria/aluguel-de-sala-1387398322
Sala comercial para locação no bairro Itoupava Seca próximo ao campus II da FURB	R$1.600,00	Blumenau, Itoupava Seca	https://sc.olx.com.br/norte-de-santa-catarina/comercio-e-industria/sala-comercial-para-locacao-no-bairro-itoupava-seca-proximo-ao-campus-ii-da-furb-1387398002
Galpão Comercial/Industrial para locação em Indaial	R$7.200,00	Indaial	https://sc.olx.com.br/norte-de-santa-catarina/comercio-e-industria/galpao-comercial-industrial-para-locacao-em-indaial-1387397665
Sala Comercial de 27m² à venda no Pagani	R$199.000,00	Palhoça, Passa Vinte	https://sc.olx.com.br/florianopolis-e-regiao/comercio-e-industria/sala-comercial-de-27m-a-venda-no-pagani-1387391817
Sala comercial de 39,22m² à venda no Passeio Pedra Branca	R$400.000,00	Palhoça, Pedra Branca	https://sc.olx.com.br/florianopolis-e-regiao/comercio-e-industria/sala-comercial-de-39-22m-a-venda-no-passeio-pedra-branca-1387391646
Sala Comercial BLUMENAU SC	R$680,00	Blumenau, Glória	https://sc.olx.com.br/norte-de-santa-catarina/comercio-e-industria/sala-comercial-blumenau-sc-1387391426
Sala Comercial - 02 Pavimento - Comercial Biguaçu Towers	R$1.700,00	Biguaçu, Rio Caveiras	https://sc.olx.com.br/florianopolis-e-regiao/comercio-e-industria/sala-comercial-02-pavimento-comercial-biguacu-towers-1387381255
Sala à venda por R$ 190000.00, 34.10 m2 - CENTRO - FLORIANOPOLIS/SC	R$190.000,00	Florianópolis, Centro	https://sc.olx.com.br/florianopolis-e-regiao/comercio-e-industria/sala-a-venda-por-r-190000-00-34-10-m2-centro-florianopolis-sc-1387379417
Galpão em Camburiú para locação com 325m²	R$7.500,00	Brusque, Santa Rita	https://sc.olx.com.br/norte-de-santa-catarina/comercio-e-industria/galpao-em-camburiu-para-locacao-com-325m-1387378518
Galpão Venda/Locação Itoupava Norte Blumenau - 5.350m²	R$15.000.000,00	Blumenau, Itoupava Norte	https://sc.olx.com.br/norte-de-santa-catarina/comercio-e-industria/galpao-venda-locacao-itoupava-norte-blumenau-5-350m-1387378481
Aluguel de Sala Comercial/Escritório de 733 m² no Centro de Blumenau	R$10.000,00	Blumenau, Centro	https://sc.olx.com.br/norte-de-santa-catarina/comercio-e-industria/aluguel-de-sala-comercial-escritorio-de-733-m-no-centro-de-blumenau-1387378476
Galpão para Locação 5.000 m² com fácil acesso à BR-470 Blumenau	R$75.000,00	Blumenau, Salto Weissbach	https://sc.olx.com.br/norte-de-santa-catarina/comercio-e-industria/galpao-para-locacao-5-000-m-com-facil-acesso-a-br-470-blumenau-1387378275
Galpão para locação/Venda no bairro Valparaíso - Blumenau	R$18.000.000,00	Blumenau, Valparaiso	https://sc.olx.com.br/norte-de-santa-catarina/comercio-e-industria/galpao-para-locacao-venda-no-bairro-valparaiso-blumenau-1387378264
Galpão à venda em Navegantes, 1.426m² privativos em condomínio!	R$5.887.810,00	Navegantes, Volta Grande	https://sc.olx.com.br/norte-de-santa-catarina/comercio-e-industria/galpao-a-venda-em-navegantes-1-426m-privativos-em-condominio-1387378242
Galpão com 686m² em Fase Final de Construção na Mulde - Indaial	R$7.900,00	Timbó	https://sc.olx.com.br/norte-de-santa-catarina/comercio-e-industria/galpao-com-686m-em-fase-final-de-construcao-na-mulde-indaial-1387378233
Galpão Locação bairro Encano em Indaial - 850m²	R$12.500,00	Indaial, Encano	https://sc.olx.com.br/norte-de-santa-catarina/comercio-e-industria/galpao-locacao-bairro-encano-em-indaial-850m-1387378221
Galpão Locação bairro Passo Manso em Blumenau - 2382m²	R$35.730,00	Blumenau, Passo Manso	https://sc.olx.com.br/norte-de-santa-catarina/comercio-e-industria/galpao-locacao-bairro-passo-manso-em-blumenau-2382m-1387378197
Galpão para Locação com 462 m² em Balneário Camboriú	R$15.000,00	Balneário Camboriú, Centro	https://sc.olx.com.br/norte-de-santa-catarina/comercio-e-industria/galpao-para-locacao-com-462-m-em-balneario-camboriu-1387378181
Galpão à Venda em Itajaí 1.725m² de Espaço Funcional para Sua Empresa!	R$10.353.900,00	Itajaí, Canhanduba	https://sc.olx.com.br/norte-de-santa-catarina/comercio-e-industria/galpao-a-venda-em-itajai-1-725m-de-espaco-funcional-para-sua-empresa-1387378173
Galpão para Locação no Bairro Municípios Balneário Camboriú	R$23.000,00	Balneário Camboriú, Municípios	https://sc.olx.com.br/norte-de-santa-catarina/comercio-e-industria/galpao-para-locacao-no-bairro-municipios-balneario-camboriu-1387378142
Galpão Locação no Bairro Santa Terezinha em Gaspar - 930m²	R$20.000,00	Gaspar, Santa Terezinha	https://sc.olx.com.br/norte-de-santa-catarina/comercio-e-industria/galpao-locacao-no-bairro-santa-terezinha-em-gaspar-930m-1387378139
Galpão à Venda com 733 m² na Itoupavazinha em Blumenau	R$2.700.000,00	Blumenau, Itoupavazinha	https://sc.olx.com.br/norte-de-santa-catarina/comercio-e-industria/galpao-a-venda-com-733-m-na-itoupavazinha-em-blumenau-1387378116
Galpão Locação bairro Velha Central em Blumenau - 1.325m²	R$20.000,00	Blumenau, Velha Central	https://sc.olx.com.br/norte-de-santa-catarina/comercio-e-industria/galpao-locacao-bairro-velha-central-em-blumenau-1-325m-1387378111
Galpão para Locação em Blumenau com Área construída: 255 m²	R$6.600,00	Blumenau, Vila Nova	https://sc.olx.com.br/norte-de-santa-catarina/comercio-e-industria/galpao-para-locacao-em-blumenau-com-area-construida-255-m-1387377798
Galpão Comercial bairro Ponta Aguda Blumenau - 3.300 m²	R$70.000,00	Blumenau, Ponta Aguda	https://sc.olx.com.br/norte-de-santa-catarina/comercio-e-industria/galpao-comercial-bairro-ponta-aguda-blumenau-3-300-m-1387377735
Galpão 300m² em CONSTRUÇÃO no Bairro Cordeiros, Itajaí	R$12.000,00	Itajaí, Cordeiros	https://sc.olx.com.br/norte-de-santa-catarina/comercio-e-industria/galpao-300m-em-construcao-no-bairro-cordeiros-itajai-1387377730
Galpão para locação/Venda em Blumenau - Bairro Valparaíso	R$8.000.000,00	Blumenau, Valparaiso	https://sc.olx.com.br/norte-de-santa-catarina/comercio-e-industria/galpao-para-locacao-venda-em-blumenau-bairro-valparaiso-1387377725
Galpão Locação no Bairro Santa Terezinha em Gaspar - 930m²	R$4.700.000,00	Gaspar, Santa Terezinha	https://sc.olx.com.br/norte-de-santa-catarina/comercio-e-industria/galpao-locacao-no-bairro-santa-terezinha-em-gaspar-930m-1387377726
Galpão para Locação em Blumenau 2.800m² no Salto Norte	R$50.000,00	Blumenau, Salto do Norte	https://sc.olx.com.br/norte-de-santa-catarina/comercio-e-industria/galpao-para-locacao-em-blumenau-2-800m-no-salto-norte-1387377721
Galpão para Locação em Blumenau 483m² no Salto Norte	R$16.000,00	Blumenau, Salto do Norte	https://sc.olx.com.br/norte-de-santa-catarina/comercio-e-industria/galpao-para-locacao-em-blumenau-483m-no-salto-norte-1387377723
Galpão à Venda Itajaí 3.695m² Pronto para Grandes Negócios!	R$22.171.440,00	Itajaí, Canhanduba	https://sc.olx.com.br/norte-de-santa-catarina/comercio-e-industria/galpao-a-venda-itajai-3-695m-pronto-para-grandes-negocios-1387377717
Galpão de 3.000m² para Alugar em Ilhota na BR 470 | Novo e Pronto para Uso	R$80.000,00	Ilhota	https://sc.olx.com.br/norte-de-santa-catarina/comercio-e-industria/galpao-de-3-000m-para-alugar-em-ilhota-na-br-470-novo-e-pronto-para-uso-1387377719
Galpão de 2400m² Pronto para Uso | Oportunidade Ideal para Empresas	R$70.000,00	Brusque, Limeira Baixa	https://sc.olx.com.br/norte-de-santa-catarina/comercio-e-industria/galpao-de-2400m-pronto-para-uso-oportunidade-ideal-para-empresas-1387377715
Galpão com Casa Comercial à venda no bairro Passo Manso em Blumenau - 565m²	R$2.700.000,00	Blumenau, Passo Manso	https://sc.olx.com.br/norte-de-santa-catarina/comercio-e-industria/galpao-com-casa-comercial-a-venda-no-bairro-passo-manso-em-blumenau-565m-1387377703
Galpão/Depósito/Armazém com Escritório à Venda no Salto Weissbach	R$1.850.000,00	Blumenau, Água Verde	https://sc.olx.com.br/norte-de-santa-catarina/comercio-e-industria/galpao-deposito-armazem-com-escritorio-a-venda-no-salto-weissbach-1387377694
Galpão Comercial Amplo - Excelente - Localização Privilegiada!	R$60.000,00	Brusque, Nova Brasília	https://sc.olx.com.br/norte-de-santa-catarina/comercio-e-industria/galpao-comercial-amplo-excelente-localizacao-privilegiada-1387377695
Galpão para Locação em Blumenau 462m² no Salto Norte	R$16.000,00	Blumenau, Salto do Norte	https://sc.olx.com.br/norte-de-santa-catarina/comercio-e-industria/galpao-para-locacao-em-blumenau-462m-no-salto-norte-1387377688
Excelente Galpão no Badenfurt, a 750 m da BR-470!	R$42.000,00	Blumenau, Badenfurt	https://sc.olx.com.br/norte-de-santa-catarina/comercio-e-industria/excelente-galpao-no-badenfurt-a-750-m-da-br-470-1387377682
Sala/Escritório no Bairro Garcia em Blumenau com 88,6 m²	R$890.000,00	Blumenau, Garcia	https://sc.olx.com.br/norte-de-santa-catarina/comercio-e-industria/sala-escritorio-no-bairro-garcia-em-blumenau-com-88-6-m-1387377676
Galpão Venda/Locação Itoupava Norte Blumenau - 5.350m²	R$70.000,00	Blumenau, Itoupava Norte	https://sc.olx.com.br/norte-de-santa-catarina/comercio-e-industria/galpao-venda-locacao-itoupava-norte-blumenau-5-350m-1387377669
Galpão para locação/Venda no bairro Valparaíso - Blumenau	R$44.000,00	Blumenau, Valparaiso	https://sc.olx.com.br/norte-de-santa-catarina/comercio-e-industria/galpao-para-locacao-venda-no-bairro-valparaiso-blumenau-1387377673
Galpão Aluguel bairro Itoupava Central Blumenau - 720m²	R$14.900,00	Blumenau, Itoupava Central	https://sc.olx.com.br/norte-de-santa-catarina/comercio-e-industria/galpao-aluguel-bairro-itoupava-central-blumenau-720m-1387377666
Galpão para locação/Venda em Blumenau - Bairro Valparaíso	R$25.000,00	Blumenau, Valparaiso	https://sc.olx.com.br/norte-de-santa-catarina/comercio-e-industria/galpao-para-locacao-venda-em-blumenau-bairro-valparaiso-1387377662
Galpão para Locação 4.900 m² em Blumenau	R$60.000,00	Blumenau, Itoupavazinha	https://sc.olx.com.br/norte-de-santa-catarina/comercio-e-industria/galpao-para-locacao-4-900-m-em-blumenau-1387377653
Prédio Comercial para Locação com 700 m² no Centro de Balneário Camboriú	R$30.000,00	Balneário Camboriú, Centro	https://sc.olx.com.br/norte-de-santa-catarina/comercio-e-industria/predio-comercial-para-locacao-com-700-m-no-centro-de-balneario-camboriu-1387377648
Galpão para Locação com 150 m² em Balneário Camboriú	R$6.000,00	Balneário Camboriú, Nova Esperança	https://sc.olx.com.br/norte-de-santa-catarina/comercio-e-industria/galpao-para-locacao-com-150-m-em-balneario-camboriu-1387377643
Galpão 348m² à Venda no Bairro Nova Esperança - Balneário Camboriú	R$3.500.000,00	Balneário Camboriú, Nova Esperança	https://sc.olx.com.br/norte-de-santa-catarina/comercio-e-industria/galpao-348m-a-venda-no-bairro-nova-esperanca-balneario-camboriu-1387377644
"Oportunidade Imperdível: Ponto Comercial ""Chave na Mão"" em Campinas SJ"	R$178.000,00	Florianópolis, Capoeiras	https://sc.olx.com.br/florianopolis-e-regiao/comercio-e-industria/oportunidade-imperdivel-ponto-comercial-chave-na-mao-em-campinas-sj-1379661061
Clínica de Bronzeamento Artificial!	R$95.000,00	São José, Roçado	https://sc.olx.com.br/florianopolis-e-regiao/comercio-e-industria/clinica-de-bronzeamento-artificial-1385619279
Sala locação Joinville bairro Santo Antonio, amplo estacionamento, 1 andar, averbada	R$1.495,00	Joinville, América	https://sc.olx.com.br/norte-de-santa-catarina/comercio-e-industria/sala-locacao-joinville-bairro-santo-antonio-amplo-estacionamento-1-andar-averbada-1384427465
Prédio/galpão comercial com excelente localização no Pagani, próximo a Unisul	R$13.000,00	Palhoça, Pagani	https://sc.olx.com.br/florianopolis-e-regiao/comercio-e-industria/predio-galpao-comercial-com-excelente-localizacao-no-pagani-proximo-a-unisul-1385586372
Galpão à Venda em Itajaí 2.625m² de Espaço Estratégico e Funcional!	R$15.753.120,00	Itajaí, Canhanduba	https://sc.olx.com.br/norte-de-santa-catarina/comercio-e-industria/galpao-a-venda-em-itajai-2-625m-de-espaco-estrategico-e-funcional-1387377645
Sala Comercial e Escritório em Blumenau no Bairro Itoupava Norte - 1425 m²	R$35.000,00	Blumenau, Itoupava Norte	https://sc.olx.com.br/norte-de-santa-catarina/comercio-e-industria/sala-comercial-e-escritorio-em-blumenau-no-bairro-itoupava-norte-1425-m-1387377401
Galpão para locação/Venda no bairro Valparaíso - Blumenau	R$10.000.000,00	Blumenau, Valparaiso	https://sc.olx.com.br/norte-de-santa-catarina/comercio-e-industria/galpao-para-locacao-venda-no-bairro-valparaiso-blumenau-1387377402
Galpão para locação/Venda no bairro Valparaíso - Blumenau	R$24.000,00	Blumenau, Valparaiso	https://sc.olx.com.br/norte-de-santa-catarina/comercio-e-industria/galpao-para-locacao-venda-no-bairro-valparaiso-blumenau-1387377364
Galpão em laguna	R$4.800,00	Laguna	https://sc.olx.com.br/florianopolis-e-regiao/comercio-e-industria/galpao-em-laguna-1292356816
Aluga-se barracão em Xaxim - SC	----	Xaxim	https://sc.olx.com.br/oeste-de-santa-catarina/comercio-e-industria/aluga-se-barracao-em-xaxim-sc-1387375233
ALUGUE AGORA GAPAO NOVO!	R$59.880,00	Itajaí, Centro	https://sc.olx.com.br/norte-de-santa-catarina/comercio-e-industria/alugue-agora-gapao-novo-1387370328
sala comercial para locação no Shopping OKA - Campeche / Florianópolis	R$3.500,00	Florianópolis, Campeche	https://sc.olx.com.br/florianopolis-e-regiao/comercio-e-industria/sala-comercial-para-locacao-no-shopping-oka-campeche-florianopolis-1387369853
Sala comercial a venda no Centro de Florianopólis	R$300.000,00	Florianópolis, Centro	https://sc.olx.com.br/florianopolis-e-regiao/comercio-e-industria/sala-comercial-a-venda-no-centro-de-florianopolis-1387369854
Projetos e Execução de Containers Residenciais para Kitnetes	R$56.000,00	Itapema	https://sc.olx.com.br/norte-de-santa-catarina/comercio-e-industria/projetos-e-execucao-de-containers-residenciais-para-kitnetes-1387368562
Loja Balneário Shopping IMPERDÍVEL	R$450.000,00	Balneário Camboriú, Estados	https://sc.olx.com.br/norte-de-santa-catarina/comercio-e-industria/loja-balneario-shopping-imperdivel-1341817776
SALA TÉRREA LA BELLE TOUR RESIDENCE	R$4.500.000,00	Balneário Camboriú, Centro	https://sc.olx.com.br/norte-de-santa-catarina/comercio-e-industria/sala-terrea-la-belle-tour-residence-1387364651
Sala à venda Globo Tower	R$298.000,00	Florianópolis, Canto	https://sc.olx.com.br/florianopolis-e-regiao/comercio-e-industria/sala-a-venda-globo-tower-1387360829
Sala pra Alugar Globo Tower	R$4.700,00	Florianópolis, Canto	https://sc.olx.com.br/florianopolis-e-regiao/comercio-e-industria/sala-pra-alugar-globo-tower-1387360787
Loja Comercial no Jardim Paraíso com 348,10	R$15.000,00	Joinville, Jardim Paraíso	https://sc.olx.com.br/norte-de-santa-catarina/comercio-e-industria/loja-comercial-no-jardim-paraiso-com-348-10-1387358339
Imóvel para aluguel com 240 metros quadrados em Itaipava - Itajaí - SC	R$6.000,00	Itajaí, Itaipava	https://sc.olx.com.br/norte-de-santa-catarina/comercio-e-industria/imovel-para-aluguel-com-240-metros-quadrados-em-itaipava-itajai-sc-1387357161
Galpão 500m - com Escritório - Próximo BR 101	R$13.600,00	Itajaí, Salseiros	https://sc.olx.com.br/norte-de-santa-catarina/comercio-e-industria/galpao-500m-com-escritorio-proximo-br-101-1387356605
Trailer totalmente equipado em Ingleses.	R$90.000,00	Florianópolis, São João do Rio Vermelho	https://sc.olx.com.br/florianopolis-e-regiao/comercio-e-industria/trailer-totalmente-equipado-em-ingleses-1387354252
Loja de Conveniência e Bar - Excelente Ponto Quadra Mar	R$160.000,00	Balneário Camboriú, Centro	https://sc.olx.com.br/norte-de-santa-catarina/comercio-e-industria/loja-de-conveniencia-e-bar-excelente-ponto-quadra-mar-1380269192
Hotel em Servidao da Rua Paraiso - Vila Esperança - Imbituba/SC	R$1.299.660,00	Imbituba	https://sc.olx.com.br/florianopolis-e-regiao/comercio-e-industria/hotel-em-servidao-da-rua-paraiso-vila-esperanca-imbituba-sc-1387353633
Vendo pizzaria Delivery	R$250.000,00	Florianópolis, Ingleses do Rio Vermelho	https://sc.olx.com.br/florianopolis-e-regiao/comercio-e-industria/vendo-pizzaria-delivery-1387352801
Casa Comercial para Aluguel em Barreiros	R$3.200,00	São José, Barreiros	https://sc.olx.com.br/florianopolis-e-regiao/comercio-e-industria/casa-comercial-para-aluguel-em-barreiros-1387351437
Sala à venda, 180 m² por R$ 2.600.000,00 - Monte Alegre - Camboriú/SC	R$2.600.000,00	Camboriú, Monte Alegre	https://sc.olx.com.br/norte-de-santa-catarina/comercio-e-industria/sala-a-venda-180-m-por-r-2-600-000-00-monte-alegre-camboriu-sc-1387351169
Sala comercial em Rua 302 - Meia Praia - Itapema/SC	R$1.887.190,00	Itapema	https://sc.olx.com.br/norte-de-santa-catarina/comercio-e-industria/sala-comercial-em-rua-302-meia-praia-itapema-sc-1387349730
Galpão disponível para locação	R$10.735,00	Camboriú, Tabuleiro	https://sc.olx.com.br/norte-de-santa-catarina/comercio-e-industria/galpao-disponivel-para-locacao-1387349448
Alugo Sala Comercial com 430m² - Bairro Victor Konder	R$10.000,00	Blumenau, Victor Konder	https://sc.olx.com.br/norte-de-santa-catarina/comercio-e-industria/alugo-sala-comercial-com-430m-bairro-victor-konder-1387345082
Aluguel de veiculo para APP	R$550,00	Forquilhinha	https://sc.olx.com.br/florianopolis-e-regiao/comercio-e-industria/aluguel-de-veiculo-para-app-1387339990
Ponto Comercial + Modelo de Negócio para Brechó/Bazar - Centro da Palhoça	R$40.000,00	Palhoça, Centro	https://sc.olx.com.br/florianopolis-e-regiao/comercio-e-industria/ponto-comercial-modelo-de-negocio-para-brecho-bazar-centro-da-palhoca-1387335336
Casa em container	R$62.900,00	Florianópolis, Ingleses do Rio Vermelho	https://sc.olx.com.br/florianopolis-e-regiao/comercio-e-industria/casa-em-container-1387333666
Alugo marcenaria	R$2.800,00	São José, Ipiranga	https://sc.olx.com.br/florianopolis-e-regiao/comercio-e-industria/alugo-marcenaria-1387333006
Sala comercial em Rua 222 - Meia Praia - Itapema/SC	R$10.999.890,00	Itapema	https://sc.olx.com.br/norte-de-santa-catarina/comercio-e-industria/sala-comercial-em-rua-222-meia-praia-itapema-sc-1387327797
Sala comercial em Rua 1822 - Centro - Balneário Camboriú/SC	R$849.390,00	Balneário Camboriú, Centro	https://sc.olx.com.br/norte-de-santa-catarina/comercio-e-industria/sala-comercial-em-rua-1822-centro-balneario-camboriu-sc-1387326462
Sala comercial em Rua Corretor Aldo Pereira da Costa - Meia Praia - Navegantes/SC	R$418.530,00	Navegantes, Meia Praia	https://sc.olx.com.br/norte-de-santa-catarina/comercio-e-industria/sala-comercial-em-rua-corretor-aldo-pereira-da-costa-meia-praia-navegantes-sc-1387323042
Sala comercial à venda no bairro Bananal do Sul - Guaramirim/SC	R$380.000,00	Guaramirim	https://sc.olx.com.br/norte-de-santa-catarina/comercio-e-industria/sala-comercial-a-venda-no-bairro-bananal-do-sul-guaramirim-sc-1206285791
Alugo Loja Comercial Térrea, 120m² - Bairro Victor Konder	R$5.500,00	Blumenau, Victor Konder	https://sc.olx.com.br/norte-de-santa-catarina/comercio-e-industria/alugo-loja-comercial-terrea-120m-bairro-victor-konder-1387320137
SALA COMERCIAL NO EDIFICIO ASPEN - EMBRAED	R$6.900.000,00	Balneário Camboriú, Centro	https://sc.olx.com.br/norte-de-santa-catarina/comercio-e-industria/sala-comercial-no-edificio-aspen-embraed-1387314512
Alugo Sala Comercial, 250m² - Bairro Victor Konder	R$12.000,00	Blumenau, Victor Konder	https://sc.olx.com.br/norte-de-santa-catarina/comercio-e-industria/alugo-sala-comercial-250m-bairro-victor-konder-1387314379
Vendo Ponto Comercial (Padaria, confeitaria e restaurante)	----	Blumenau, Fortaleza	https://sc.olx.com.br/norte-de-santa-catarina/comercio-e-industria/vendo-ponto-comercial-padaria-confeitaria-e-restaurante-1387313935
Sala Comercial - Boa Vista	R$7.000,00	Joinville, Boa Vista	https://sc.olx.com.br/norte-de-santa-catarina/comercio-e-industria/sala-comercial-boa-vista-1387313420
Venda de empresa e-commerce	R$28.000,00	Biguaçu, Centro	https://sc.olx.com.br/florianopolis-e-regiao/comercio-e-industria/venda-de-empresa-e-commerce-1387311716
Prédio para Venda, Jaguaruna / SC Praia da esplanada	R$1.300.000,00	Jaguaruna	https://sc.olx.com.br/florianopolis-e-regiao/comercio-e-industria/predio-para-venda-jaguaruna-sc-praia-da-esplanada-1387308937
Atenção Profissionais da Estética! Linda Sala Disponível!!	R$1.800,00	Florianópolis, Itacorubi	https://sc.olx.com.br/florianopolis-e-regiao/comercio-e-industria/atencao-profissionais-da-estetica-linda-sala-disponivel-1387308564
Sala comercial montada	R$50.003,00	Joinville, Santo Antônio	https://sc.olx.com.br/norte-de-santa-catarina/comercio-e-industria/sala-comercial-montada-1387303098
Vendo LOTÉRICA	R$1.500.000,00	Joinville, América	https://sc.olx.com.br/norte-de-santa-catarina/comercio-e-industria/vendo-loterica-1383322986
Vende-se ponto comercial- Conveniência Sub Zero Ilha da Figueira	----	Jaraguá do Sul, Ilha da Figueira	https://sc.olx.com.br/norte-de-santa-catarina/comercio-e-industria/vende-se-ponto-comercial-conveniencia-sub-zero-ilha-da-figueira-1387294436
Alugo sala próximo da Avenida Elza lucchi	R$2.500,00	Palhoça, Ponte do Imaruim	https://sc.olx.com.br/florianopolis-e-regiao/comercio-e-industria/alugo-sala-proximo-da-avenida-elza-lucchi-1385574096
Alugo sala próximo da Avenida Elza lucchi	R$2.500,00	Palhoça, Ponte do Imaruim	https://sc.olx.com.br/florianopolis-e-regiao/comercio-e-industria/alugo-sala-proximo-da-avenida-elza-lucchi-1385574096
ALUGA-SE CASA COMERCIAL NO CENTRO DE SÃO BENTO DO SUL	----	São Bento do Sul, Centro	https://sc.olx.com.br/norte-de-santa-catarina/comercio-e-industria/aluga-se-casa-comercial-no-centro-de-sao-bento-do-sul-1387289714
Lojas para Locação BR 101 Barreiros - Floresta Mall - Melhor localização Gde Florianópolis	R$15.000,00	São José, Roçado	https://sc.olx.com.br/florianopolis-e-regiao/comercio-e-industria/lojas-para-locacao-br-101-barreiros-floresta-mall-melhor-localizacao-gde-florianopolis-1379919563
Galpão em Forquilhinha 300 m área	R$5.000,00	São José, Forquilhinha	https://sc.olx.com.br/florianopolis-e-regiao/comercio-e-industria/galpao-em-forquilhinha-300-m-area-1383907214
Clínicas Odontológicas em Curitiba e Colombo: Oportunidade de Negócio	R$1.231.000,00	Joinville, Centro	https://sc.olx.com.br/norte-de-santa-catarina/comercio-e-industria/clinicas-odontologicas-em-curitiba-e-colombo-oportunidade-de-negocio-1354584929
Direto com proprietário Sala comercial nos ingleses. Localização privilegiada.	R$1.950,00	Florianópolis, Ingleses do Rio Vermelho	https://sc.olx.com.br/florianopolis-e-regiao/comercio-e-industria/direto-com-proprietario-sala-comercial-nos-ingleses-localizacao-privilegiada-1387285320
Aluguel	R$1.200,00	São José, Fazenda Santo Antônio	https://sc.olx.com.br/florianopolis-e-regiao/comercio-e-industria/aluguel-1387281662
Clínicas Odontológicas Completas e Equipadas à Venda no Paraná	R$1.231.000,00	Blumenau, Centro	https://sc.olx.com.br/norte-de-santa-catarina/comercio-e-industria/clinicas-odontologicas-completas-e-equipadas-a-venda-no-parana-1354585541
Clínica Odontológica Equipada e Moderna à Venda em Curitiba	R$421.000,00	Joinville, Centro	https://sc.olx.com.br/norte-de-santa-catarina/comercio-e-industria/clinica-odontologica-equipada-e-moderna-a-venda-em-curitiba-1354591816
Prédio comercial e residencial	R$2.500.000,00	Palhoça, Bela Vista	https://sc.olx.com.br/florianopolis-e-regiao/comercio-e-industria/predio-comercial-e-residencial-1306057681
Aluga-se Sala Comercial	R$2.800,00	São José, Kobrasol	https://sc.olx.com.br/florianopolis-e-regiao/comercio-e-industria/aluga-se-sala-comercial-1387278616
Vendo loja completa	R$60.000,00	Florianópolis, Ingleses do Rio Vermelho	https://sc.olx.com.br/florianopolis-e-regiao/comercio-e-industria/vendo-loja-completa-1387277504
Alugo Sala comercial recém construída.	R$3.500,00	Gaspar, Centro	https://sc.olx.com.br/norte-de-santa-catarina/comercio-e-industria/alugo-sala-comercial-recem-construida-1381561877
Aluguel 3 salas comerciais + recepção + banheiro	R$3.500,00	Jaraguá do Sul, Vila Nova	https://sc.olx.com.br/norte-de-santa-catarina/comercio-e-industria/aluguel-3-salas-comerciais-recepcao-banheiro-1387273627
Alugo escritório em frente a BR-282 com lote lateral - em frente ao Posto Russi	R$2.100,00	Campos Novos	https://sc.olx.com.br/oeste-de-santa-catarina/comercio-e-industria/alugo-escritorio-em-frente-a-br-282-com-lote-lateral-em-frente-ao-posto-russi-1387272889
Alugo galpão armazém em Itapema novo tenho de 6 mil tambem	R$8.000,00	Itapema	https://sc.olx.com.br/norte-de-santa-catarina/comercio-e-industria/alugo-galpao-armazem-em-itapema-novo-tenho-de-6-mil-tambem-1367752415
Restaurante Porteira Fechada( Forquilhinhas São José)	R$160.000,00	São José, Forquilhinha	https://sc.olx.com.br/florianopolis-e-regiao/comercio-e-industria/restaurante-porteira-fechada-forquilhinhas-sao-jose-1387264061
Duas Clínicas Odontológicas À Venda no Paraná	R$1.231.000,00	Florianópolis, Centro	https://sc.olx.com.br/florianopolis-e-regiao/comercio-e-industria/duas-clinicas-odontologicas-venda-no-parana-1354583582
Clínica Odontológica completa à Venda em Curitiba	R$421.000,00	Blumenau, Centro	https://sc.olx.com.br/norte-de-santa-catarina/comercio-e-industria/clinica-odontologica-completa-a-venda-em-curitiba-1354591605
Ampla clínica odontológica à venda em Curitiba	R$421.000,00	Florianópolis, Centro	https://sc.olx.com.br/florianopolis-e-regiao/comercio-e-industria/ampla-clinica-odontologica-a-venda-em-curitiba-1354591085
Loja agropecuária em Tijucas	R$140.000,00	Tijucas	https://sc.olx.com.br/florianopolis-e-regiao/comercio-e-industria/loja-agropecuaria-em-tijucas-1380078838
SALA COMERCIAL - EDIFÍCIO EMBRAED CENTRO EMPRESARIAL	R$5.800,00	Itajaí, Centro	https://sc.olx.com.br/norte-de-santa-catarina/comercio-e-industria/sala-comercial-edificio-embraed-centro-empresarial-1367746094
Alugo sala comercial Biguaçu	R$4.000,00	Biguaçu, Fundos	https://sc.olx.com.br/florianopolis-e-regiao/comercio-e-industria/alugo-sala-comercial-biguacu-1387246880
Sala comercial Térrea - Centro	R$3.700,00	São Miguel do Oeste	https://sc.olx.com.br/oeste-de-santa-catarina/comercio-e-industria/sala-comercial-terrea-centro-1387242492
Kit casas pré fabricadas de Pinus tratado em autoclave.	R$20.000,00	Palhoça, Praia do Sonho	https://sc.olx.com.br/florianopolis-e-regiao/comercio-e-industria/kit-casas-pre-fabricadas-de-pinus-tratado-em-autoclave-1383700928
Oportunidade Imperdível: Mercado em Funcionamento - São Sebastião	R$280.000,00	Palhoça, São Sebastião	https://sc.olx.com.br/florianopolis-e-regiao/comercio-e-industria/oportunidade-imperdivel-mercado-em-funcionamento-sao-sebastiao-1382532186
Container para Lanchonete	R$12.999,00	Florianópolis, Carianos	https://sc.olx.com.br/florianopolis-e-regiao/comercio-e-industria/container-para-lanchonete-1387230324
Vendo sala comercial no Estreito.	R$145.000,00	Florianópolis, Estreito	https://sc.olx.com.br/florianopolis-e-regiao/comercio-e-industria/vendo-sala-comercial-no-estreito-1387229694
Pavilhão Disponível Para Locação Em Urussanga/SC	R$4.500,00	Urussanga	https://sc.olx.com.br/florianopolis-e-regiao/comercio-e-industria/pavilhao-disponivel-para-locacao-em-urussanga-sc-1302136560
Ponto à venda, 450 m² por R$ 2.100.000,00 - Brasília - Itapoá/SC PT0006	R$2.100.000,00	Itapoá	https://sc.olx.com.br/norte-de-santa-catarina/comercio-e-industria/ponto-a-venda-450-m-por-r-2-100-000-00-brasilia-itapoa-sc-pt0006-919842637
Galpão para venda no Sertão do Maruim, São José - SC.	R$23.092.000,00	São José, Forquilhas	https://sc.olx.com.br/florianopolis-e-regiao/comercio-e-industria/galpao-para-venda-no-sertao-do-maruim-sao-jose-sc-1387220729
PASSO PONTO COMERCIAL AV BRASIL	R$119.000,00	Balneário Camboriú, Centro	https://sc.olx.com.br/norte-de-santa-catarina/comercio-e-industria/passo-ponto-comercial-av-brasil-1377616027
BAR NA BEIRA MAR DE COQUEIROS	R$400.000,00	Florianópolis, Coqueiros	https://sc.olx.com.br/florianopolis-e-regiao/comercio-e-industria/bar-na-beira-mar-de-coqueiros-1373630813
Escritório Florianópolis - Personalizável	R$6.000,00	Florianópolis, Agronômica	https://sc.olx.com.br/florianopolis-e-regiao/comercio-e-industria/escritorio-florianopolis-personalizavel-1385487032
Sala Comercial - Bairro Costa e Silva - 67m²	R$2.000,00	Joinville, Costa e Silva	https://sc.olx.com.br/norte-de-santa-catarina/comercio-e-industria/sala-comercial-bairro-costa-e-silva-67m-1357583960
Clínica MEDCENTER, medicina do trabalho, sala com 178m², à venda!	R$500.000,00	Camboriú, Centro	https://sc.olx.com.br/norte-de-santa-catarina/comercio-e-industria/clinica-medcenter-medicina-do-trabalho-sala-com-178m-a-venda-1387210614
Alugo Galpão Comercial	R$4.300,00	Itajaí, Cordeiros	https://sc.olx.com.br/norte-de-santa-catarina/comercio-e-industria/alugo-galpao-comercial-1387204836
SALA COMERCIAL NOVA	R$2.900,00	Joinville, Bucarein	https://sc.olx.com.br/norte-de-santa-catarina/comercio-e-industria/sala-comercial-nova-1387202563
Sala Comercial para Venda em São José, Campinas, 1 banheiro, 1 vaga	R$375.000,00	São José, Campinas	https://sc.olx.com.br/florianopolis-e-regiao/comercio-e-industria/sala-comercial-para-venda-em-sao-jose-campinas-1-banheiro-1-vaga-1387201241
Galpão Logístico em Condomínio Fechado 8.103,98 m² - Itajaí/SC 5km da BR101	R$243.000,00	Itajaí, Espinheiros	https://sc.olx.com.br/norte-de-santa-catarina/comercio-e-industria/galpao-logistico-em-condominio-fechado-8-103-98-m-itajai-sc-5km-da-br101-1387195242
Prédio para renda em Itapema ou para construção de prédio 47 de frente!	R$10.000.000,00	Itapema	https://sc.olx.com.br/norte-de-santa-catarina/comercio-e-industria/predio-para-renda-em-itapema-ou-para-construcao-de-predio-47-de-frente-1387194952
Galpão Logístico de Alto Padrão em Condomínio Fechado - Itajaí-SC	R$7.308.000,00	Itajaí, Salseiros	https://sc.olx.com.br/norte-de-santa-catarina/comercio-e-industria/galpao-logistico-de-alto-padrao-em-condominio-fechado-itajai-sc-1387194930
Invista no Galpão Industrial Ideal em Indaial Excelente Acesso Logístico	R$3.000.000,00	Indaial, Encano	https://sc.olx.com.br/norte-de-santa-catarina/comercio-e-industria/invista-no-galpao-industrial-ideal-em-indaial-excelente-acesso-logistico-1387194914
Galpão para Venda/Locação Itoupava Central em Blumenau - 6.500m²	R$14.000.000,00	Blumenau, Itoupava Central	https://sc.olx.com.br/norte-de-santa-catarina/comercio-e-industria/galpao-para-venda-locacao-itoupava-central-em-blumenau-6-500m-1387194901
Galpão Logístico em Condomínio Fechado 970,82 m² - Itajaí/SC 5km da BR101	R$29.124,00	Itajaí, Espinheiros	https://sc.olx.com.br/norte-de-santa-catarina/comercio-e-industria/galpao-logistico-em-condominio-fechado-970-82-m-itajai-sc-5km-da-br101-1387194895
GALPÃO LOGÍSTICO EM CONDOMÍNIO FECHADO - ITAJAÍ/SC 8km do Porto.	R$45.000,00	Itajaí, Canhanduba	https://sc.olx.com.br/norte-de-santa-catarina/comercio-e-industria/galpao-logistico-em-condominio-fechado-itajai-sc-8km-do-porto-1387194896
Oportunidade REAL de Investimento Galpão já locado para investidor!	R$15.900.000,00	Porto Belo	https://sc.olx.com.br/norte-de-santa-catarina/comercio-e-industria/oportunidade-real-de-investimento-galpao-ja-locado-para-investidor-1387194866
Prédio Comercial/Residencial á venda no Bairro Salto Weissbach	R$11.000,00	Blumenau, Salto Weissbach	https://sc.olx.com.br/norte-de-santa-catarina/comercio-e-industria/predio-comercial-residencial-a-venda-no-bairro-salto-weissbach-1387194848
GALPÃO LOGÍSTICO EM CONDOMÍNIO FECHADO - ITAJAÍ/SC 8km do Porto.	R$9.000.320,00	Itajaí, Canhanduba	https://sc.olx.com.br/norte-de-santa-catarina/comercio-e-industria/galpao-logistico-em-condominio-fechado-itajai-sc-8km-do-porto-1387194856
Casa Comercial para Locação no Bairro Ponta Aguda	R$12.000,00	Blumenau, Ponta Aguda	https://sc.olx.com.br/norte-de-santa-catarina/comercio-e-industria/casa-comercial-para-locacao-no-bairro-ponta-aguda-1387194835
Galpão Venda ou Locação bairro Nações Indaial 4.000m² total	R$50.000,00	Indaial, Nações	https://sc.olx.com.br/norte-de-santa-catarina/comercio-e-industria/galpao-venda-ou-locacao-bairro-nacoes-indaial-4-000m-total-1387194841
Loja agropecuária em Tijucas	R$140.000,00	Tijucas	https://sc.olx.com.br/florianopolis-e-regiao/comercio-e-industria/loja-agropecuaria-em-tijucas-1380078838
SALA COMERCIAL - EDIFÍCIO EMBRAED CENTRO EMPRESARIAL	R$5.800,00	Itajaí, Centro	https://sc.olx.com.br/norte-de-santa-catarina/comercio-e-industria/sala-comercial-edificio-embraed-centro-empresarial-1367746094
Alugo sala comercial Biguaçu	R$4.000,00	Biguaçu, Fundos	https://sc.olx.com.br/florianopolis-e-regiao/comercio-e-industria/alugo-sala-comercial-biguacu-1387246880
Kit casas pré fabricadas de Pinus tratado em autoclave.	R$20.000,00	Palhoça, Praia do Sonho	https://sc.olx.com.br/florianopolis-e-regiao/comercio-e-industria/kit-casas-pre-fabricadas-de-pinus-tratado-em-autoclave-1383700928
Sala Comercial com 130m² em Itapema/SC! | Cimo Imóveis	R$990.000,00	Itapema	https://sc.olx.com.br/norte-de-santa-catarina/comercio-e-industria/sala-comercial-com-130m-em-itapema-sc-cimo-imoveis-1387194821
Sala Comercial à Venda em Timbó - Bairro das Nações 41,8m²	R$230.000,00	Timbó	https://sc.olx.com.br/norte-de-santa-catarina/comercio-e-industria/sala-comercial-a-venda-em-timbo-bairro-das-nacoes-41-8m-1387194826
Galpão a venda ou Locação com 700 m² no Bairro Vila Nova.	R$1.750.000,00	Blumenau, Vila Nova	https://sc.olx.com.br/norte-de-santa-catarina/comercio-e-industria/galpao-a-venda-ou-locacao-com-700-m-no-bairro-vila-nova-1387194828
Sala Comercial à Venda em Timbó - Bairro das Nações 77,7m²	R$470.000,00	Timbó	https://sc.olx.com.br/norte-de-santa-catarina/comercio-e-industria/sala-comercial-a-venda-em-timbo-bairro-das-nacoes-77-7m-1387194810
Galpão para Alugar Indaial - Bairro Encano do Norte Próximo à Blumenau	R$38.600,00	Indaial, Encano do Norte	https://sc.olx.com.br/norte-de-santa-catarina/comercio-e-industria/galpao-para-alugar-indaial-bairro-encano-do-norte-proximo-a-blumenau-1387194815
Sala Comercial à Venda em Timbó - Bairro das Nações 83,5m²	R$520.000,00	Timbó	https://sc.olx.com.br/norte-de-santa-catarina/comercio-e-industria/sala-comercial-a-venda-em-timbo-bairro-das-nacoes-83-5m-1387194788
Sala Comercial à Venda no Centro de Blumenau	R$280.000,00	Blumenau, Centro	https://sc.olx.com.br/norte-de-santa-catarina/comercio-e-industria/sala-comercial-a-venda-no-centro-de-blumenau-1387194790
Galpão para Venda/Locação Itoupava Central em Blumenau - 6.500m²	R$110.000,00	Blumenau, Itoupava Central	https://sc.olx.com.br/norte-de-santa-catarina/comercio-e-industria/galpao-para-venda-locacao-itoupava-central-em-blumenau-6-500m-1387194791
Galpão para Locação em Itajaí 470m² - Bairro São João	R$20.000,00	Itajaí, São João	https://sc.olx.com.br/norte-de-santa-catarina/comercio-e-industria/galpao-para-locacao-em-itajai-470m-bairro-sao-joao-1387194792
Galpão na rodovia Jorge Lacerda em Gaspar, terreno com 12.000 m² de área!!!	R$10.750.000,00	Gaspar, Sete de Setembro	https://sc.olx.com.br/norte-de-santa-catarina/comercio-e-industria/galpao-na-rodovia-jorge-lacerda-em-gaspar-terreno-com-12-000-m-de-area-1387194802
GALPÃO LOGÍSTICO EM CONDOMÍNIO FECHADO - ITAJAÍ/SC 8km do Porto.	R$36.840,00	Itajaí, Canhanduba	https://sc.olx.com.br/norte-de-santa-catarina/comercio-e-industria/galpao-logistico-em-condominio-fechado-itajai-sc-8km-do-porto-1387194807
GALPÃO LOGÍSTICO EM CONDOMÍNIO FECHADO - ITAJAÍ/SC 8km do Porto.	R$4.685.000,00	Itajaí, Canhanduba	https://sc.olx.com.br/norte-de-santa-catarina/comercio-e-industria/galpao-logistico-em-condominio-fechado-itajai-sc-8km-do-porto-1387194783
Galpão no Bairro Arapongas em Indaial próx. a BR 101, metragem de 22.721m²	R$7.800.000,00	Indaial, Arapongas	https://sc.olx.com.br/norte-de-santa-catarina/comercio-e-industria/galpao-no-bairro-arapongas-em-indaial-prox-a-br-101-metragem-de-22-721m-1387194785
Galpão Venda ou Locação bairro Nações Indaial 4.000m² total	R$9.200.000,00	Indaial, Nações	https://sc.olx.com.br/norte-de-santa-catarina/comercio-e-industria/galpao-venda-ou-locacao-bairro-nacoes-indaial-4-000m-total-1387194786
Sala Comercial à Venda no Centro de Blumenau	R$1.800,00	Blumenau, Centro	https://sc.olx.com.br/norte-de-santa-catarina/comercio-e-industria/sala-comercial-a-venda-no-centro-de-blumenau-1387194773
GALPÃO LOGÍSTICO EM CONDOMÍNIO FECHADO - ITAJAÍ/SC 8km do Porto.	R$91.710,00	Itajaí, Canhanduba	https://sc.olx.com.br/norte-de-santa-catarina/comercio-e-industria/galpao-logistico-em-condominio-fechado-itajai-sc-8km-do-porto-1387194774
Galpão Locação Fortaleza Alta Blumenau - 1266m²	R$26.000,00	Blumenau, Fortaleza Alta	https://sc.olx.com.br/norte-de-santa-catarina/comercio-e-industria/galpao-locacao-fortaleza-alta-blumenau-1266m-1387194777
Galpão para Alugar Indaial - Bairro Encano 450m²	R$7.000,00	Indaial, Encano	https://sc.olx.com.br/norte-de-santa-catarina/comercio-e-industria/galpao-para-alugar-indaial-bairro-encano-450m-1387194780
Galpão para Alugar Gaspar - Bairro Belchior Baixo 355 m²	R$7.200,00	Gaspar, Belchior Baixo	https://sc.olx.com.br/norte-de-santa-catarina/comercio-e-industria/galpao-para-alugar-gaspar-bairro-belchior-baixo-355-m-1387194761
Locação de galpão Blumenau - Itoupava Central 383m²	R$8.300,00	Blumenau, Itoupava Central	https://sc.olx.com.br/norte-de-santa-catarina/comercio-e-industria/locacao-de-galpao-blumenau-itoupava-central-383m-1387194765
Oportunidade Única de Negócio no Bairro Itoupava Norte	R$4.700.000,00	Blumenau, Itoupava Norte	https://sc.olx.com.br/norte-de-santa-catarina/comercio-e-industria/oportunidade-unica-de-negocio-no-bairro-itoupava-norte-1387194766
Galpão para locação no bairro Espinheiros - Itajaí	R$18.000,00	Itajaí, Espinheiros	https://sc.olx.com.br/norte-de-santa-catarina/comercio-e-industria/galpao-para-locacao-no-bairro-espinheiros-itajai-1387194739
Sala Comercial para Locação no Bairro Victor Konder 204m² | Cimo Imóveis	R$8.500,00	Blumenau, Victor Konder	https://sc.olx.com.br/norte-de-santa-catarina/comercio-e-industria/sala-comercial-para-locacao-no-bairro-victor-konder-204m-cimo-imoveis-1387194741
Sala Comercial para alugar, 660 m² - Centro - Itajaí	R$25.000,00	Itajaí, Centro	https://sc.olx.com.br/norte-de-santa-catarina/comercio-e-industria/sala-comercial-para-alugar-660-m-centro-itajai-1387194742
Galpão novo de 760m² para alugar em Camboriú | Cimo	R$19.000,00	Camboriú, Rio Pequeno	https://sc.olx.com.br/norte-de-santa-catarina/comercio-e-industria/galpao-novo-de-760m-para-alugar-em-camboriu-cimo-1387194747
Sala Comercial com 130m² em Itapema/SC! | Cimo Imóveis	R$5.000,00	Itapema	https://sc.olx.com.br/norte-de-santa-catarina/comercio-e-industria/sala-comercial-com-130m-em-itapema-sc-cimo-imoveis-1387194748
Galpão à venda no bairro Itoupavazinha, com 1.300m² de terreno.	R$1.490.000,00	Blumenau, Itoupavazinha	https://sc.olx.com.br/norte-de-santa-catarina/comercio-e-industria/galpao-a-venda-no-bairro-itoupavazinha-com-1-300m-de-terreno-1387194750
Galpão no Bairro Arapongas em Indaial próx. a BR 101, metragem de 22.721m²	R$45.000,00	Indaial, Arapongas	https://sc.olx.com.br/norte-de-santa-catarina/comercio-e-industria/galpao-no-bairro-arapongas-em-indaial-prox-a-br-101-metragem-de-22-721m-1387194755
Máquina de arrematar fios e linha	R$1.800,00	Guabiruba	https://sc.olx.com.br/norte-de-santa-catarina/comercio-e-industria/maquina-de-arrematar-fios-e-linha-1387194556
Passo ponto comercial mobiliado com equipamentos de estética	R$50.000,00	Palhoça, Ponte do Imaruim	https://sc.olx.com.br/florianopolis-e-regiao/comercio-e-industria/passo-ponto-comercial-mobiliado-com-equipamentos-de-estetica-1263099552
Sala Comercial no Centro de Blumenau - 44m²	R$280.000,00	Blumenau, Centro	https://sc.olx.com.br/norte-de-santa-catarina/comercio-e-industria/sala-comercial-no-centro-de-blumenau-44m-1387193302
Sala Comercial no Centro de Blumenau - 44m²	R$1.800,00	Blumenau, Centro	https://sc.olx.com.br/norte-de-santa-catarina/comercio-e-industria/sala-comercial-no-centro-de-blumenau-44m-1387193309
Galpão Logístico em Condomínio Fechado 1.974,36 m² - Itajaí/SC 5km da BR101	R$59.230,00	Itajaí, Espinheiros	https://sc.olx.com.br/norte-de-santa-catarina/comercio-e-industria/galpao-logistico-em-condominio-fechado-1-974-36-m-itajai-sc-5km-da-br101-1387193310
Prédio Comercial na Via Expressa, Blumenau | Cimo Imóveis	R$80.000,00	Blumenau, Itoupava Norte	https://sc.olx.com.br/norte-de-santa-catarina/comercio-e-industria/predio-comercial-na-via-expressa-blumenau-cimo-imoveis-1387193298
VENDE-SE ACADEMIA - FLORIANÓPOLIS/SC	R$1.200.000,00	Florianópolis, Trindade	https://sc.olx.com.br/florianopolis-e-regiao/comercio-e-industria/vende-se-academia-florianopolis-sc-1360558270
Sala Comercial para Locação em Balneário Camboriú - 1800m²	R$90.000,00	Balneário Camboriú, Ariribá	https://sc.olx.com.br/norte-de-santa-catarina/comercio-e-industria/sala-comercial-para-locacao-em-balneario-camboriu-1800m-1387192400
Galpão no Bairro Velha Central em Blumenau com 3900 m²	R$46.000,00	Blumenau, Velha Central	https://sc.olx.com.br/norte-de-santa-catarina/comercio-e-industria/galpao-no-bairro-velha-central-em-blumenau-com-3900-m-1387192383
Galpão no Bairro Velha Central em Blumenau com 3900 m²	R$8.900.000,00	Blumenau, Velha Central	https://sc.olx.com.br/norte-de-santa-catarina/comercio-e-industria/galpao-no-bairro-velha-central-em-blumenau-com-3900-m-1387192370
Galpão para locação em Gaspar - 1400m²	R$28.000,00	Gaspar, Santa Terezinha	https://sc.olx.com.br/norte-de-santa-catarina/comercio-e-industria/galpao-para-locacao-em-gaspar-1400m-1387192372
Oportunidade Única! Terreno com Galpão e Casa Típica Enxaimel	R$10.000.000,00	Blumenau, Salto Weissbach	https://sc.olx.com.br/norte-de-santa-catarina/comercio-e-industria/oportunidade-unica-terreno-com-galpao-e-casa-tipica-enxaimel-1387192357
Galpão para Locação com 246m² no Bairro Morretes, Itapema	R$7.250,00	Itapema	https://sc.olx.com.br/norte-de-santa-catarina/comercio-e-industria/galpao-para-locacao-com-246m-no-bairro-morretes-itapema-1387192350
Galpão para Aluguel em Rio Pequeno, Camboriú - SC | Cimo Imóveis	R$20.000,00	Camboriú	https://sc.olx.com.br/norte-de-santa-catarina/comercio-e-industria/galpao-para-aluguel-em-rio-pequeno-camboriu-sc-cimo-imoveis-1387192354
Aluguel de galpão Blumenau - Bairro Garcia com Espaço Amplo	R$30.000,00	Blumenau, Garcia	https://sc.olx.com.br/norte-de-santa-catarina/comercio-e-industria/aluguel-de-galpao-blumenau-bairro-garcia-com-espaco-amplo-1387192347
Galpão de 540m² para Locação Bairro Encano, Indaial	R$9.000,00	Indaial, Encano	https://sc.olx.com.br/norte-de-santa-catarina/comercio-e-industria/galpao-de-540m-para-locacao-bairro-encano-indaial-1387192346
Casa Comercial Semi Mobiliada para Locação no Bairro Ponta Aguda	R$6.600,00	Blumenau, Ponta Aguda	https://sc.olx.com.br/norte-de-santa-catarina/comercio-e-industria/casa-comercial-semi-mobiliada-para-locacao-no-bairro-ponta-aguda-1387192339
Galpão para Locação com 346m² no Bairro Morretes, Itapema | Cimo Imóveis	R$7.250,00	Itapema	https://sc.olx.com.br/norte-de-santa-catarina/comercio-e-industria/galpao-para-locacao-com-346m-no-bairro-morretes-itapema-cimo-imoveis-1387192331
Galpão à venda, Itoupavazinha em Blumenau, com área útil de 510 m²	R$1.100.000,00	Blumenau, Itoupavazinha	https://sc.olx.com.br/norte-de-santa-catarina/comercio-e-industria/galpao-a-venda-itoupavazinha-em-blumenau-com-area-util-de-510-m-1387192327
Amplo Prédio Industrial em Rodeio 23.800 m², EXCELENTE PARA INVESTIMENTO!	R$60.000,00	Rodeio	https://sc.olx.com.br/norte-de-santa-catarina/comercio-e-industria/amplo-predio-industrial-em-rodeio-23-800-m-excelente-para-investimento-1387192320
Prédio comercial para locação em Blumenau - Bairro Fortaleza	R$120.000,00	Blumenau, Fortaleza	https://sc.olx.com.br/norte-de-santa-catarina/comercio-e-industria/predio-comercial-para-locacao-em-blumenau-bairro-fortaleza-1387192321
Galpão em Condomínio na Rodovia Ivo Silveira - Oportunidade Imperdível	R$46.500,00	Brusque, Bateas	https://sc.olx.com.br/norte-de-santa-catarina/comercio-e-industria/galpao-em-condominio-na-rodovia-ivo-silveira-oportunidade-imperdivel-1387192309
Oportunidade Imperdível: Mercado em Funcionamento - São Sebastião	R$280.000,00	Palhoça, São Sebastião	https://sc.olx.com.br/florianopolis-e-regiao/comercio-e-industria/oportunidade-imperdivel-mercado-em-funcionamento-sao-sebastiao-1382532186
PASSO PONTO COMERCIAL AV BRASIL	R$119.000,00	Balneário Camboriú, Centro	https://sc.olx.com.br/norte-de-santa-catarina/comercio-e-industria/passo-ponto-comercial-av-brasil-1377616027
BAR NA BEIRA MAR DE COQUEIROS	R$400.000,00	Florianópolis, Coqueiros	https://sc.olx.com.br/florianopolis-e-regiao/comercio-e-industria/bar-na-beira-mar-de-coqueiros-1373630813
Sala Comercial - Bairro Costa e Silva - 67m²	R$2.000,00	Joinville, Costa e Silva	https://sc.olx.com.br/norte-de-santa-catarina/comercio-e-industria/sala-comercial-bairro-costa-e-silva-67m-1357583960
Prédio Comercial/Residencial á venda no Bairro Salto Weissbach	R$4.900.000,00	Blumenau, Salto Weissbach	https://sc.olx.com.br/norte-de-santa-catarina/comercio-e-industria/predio-comercial-residencial-a-venda-no-bairro-salto-weissbach-1387192311
Sala Comercial no Centro de Blumenau	R$280.000,00	Blumenau, Centro	https://sc.olx.com.br/norte-de-santa-catarina/comercio-e-industria/sala-comercial-no-centro-de-blumenau-1387192316
Galpão Comercial de 300m² em Localização Estratégica Próximo à BR-101	R$12.000,00	Camboriú, Várzea do Ranchinho	https://sc.olx.com.br/norte-de-santa-catarina/comercio-e-industria/galpao-comercial-de-300m-em-localizacao-estrategica-proximo-a-br-101-1387192297
Amplo Prédio Industrial em Rodeio 23.800 m², EXCELENTE PARA INVESTIMENTO!	R$7.990.000,00	Rodeio	https://sc.olx.com.br/norte-de-santa-catarina/comercio-e-industria/amplo-predio-industrial-em-rodeio-23-800-m-excelente-para-investimento-1387192299
Sala Comercial Térrea 240m² no Bairro Cidade Nova - Itajaí	R$10.500,00	Itajaí, Cidade Nova	https://sc.olx.com.br/norte-de-santa-catarina/comercio-e-industria/sala-comercial-terrea-240m-no-bairro-cidade-nova-itajai-1387192285
GALPÃO LOGÍSTICO EM CONDOMÍNIO FECHADO - ITAJAÍ/SC 8km do Porto.	R$17.400.000,00	Itajaí, Canhanduba	https://sc.olx.com.br/norte-de-santa-catarina/comercio-e-industria/galpao-logistico-em-condominio-fechado-itajai-sc-8km-do-porto-1387192286
Sala Comercial à Venda em Timbó - Bairro das Nações 102m²	R$620.000,00	Timbó	https://sc.olx.com.br/norte-de-santa-catarina/comercio-e-industria/sala-comercial-a-venda-em-timbo-bairro-das-nacoes-102m-1387192288
Sala Comercial no Centro de Blumenau	R$1.800,00	Blumenau, Centro	https://sc.olx.com.br/norte-de-santa-catarina/comercio-e-industria/sala-comercial-no-centro-de-blumenau-1387192278
Sala Comercial à Venda em Timbó - Bairro das Nações 54,9m²	R$300.000,00	Timbó	https://sc.olx.com.br/norte-de-santa-catarina/comercio-e-industria/sala-comercial-a-venda-em-timbo-bairro-das-nacoes-54-9m-1387192253
Esmalteria Completa á Venda - Espaço Cleo	R$80.000,00	Camboriú, Tabuleiro	https://sc.olx.com.br/norte-de-santa-catarina/comercio-e-industria/esmalteria-completa-a-venda-espaco-cleo-1385449789
Galpão para Locação em Itajaí às margens da BR470	R$60.000,00	Itajaí, Salseiros	https://sc.olx.com.br/norte-de-santa-catarina/comercio-e-industria/galpao-para-locacao-em-itajai-as-margens-da-br470-1387188045
GALPÃO LOGÍSTICO EM CONDOMÍNIO FECHADO - ITAJAÍ/SC 8km do Porto.	R$69.000,00	Itajaí, Canhanduba	https://sc.olx.com.br/norte-de-santa-catarina/comercio-e-industria/galpao-logistico-em-condominio-fechado-itajai-sc-8km-do-porto-1387187997
Galpão à Venda em Blumenau 1.187m² Construídos em Terreno de 3.200m²	R$3.200.000,00	Blumenau, Badenfurt	https://sc.olx.com.br/norte-de-santa-catarina/comercio-e-industria/galpao-a-venda-em-blumenau-1-187m-construidos-em-terreno-de-3-200m-1387187998
Galpão à venda, no Bairro Fortaleza, Blumenau, SC, com área de 186 m²	R$950.000,00	Blumenau, Fortaleza	https://sc.olx.com.br/norte-de-santa-catarina/comercio-e-industria/galpao-a-venda-no-bairro-fortaleza-blumenau-sc-com-area-de-186-m-1387188006
Sala Comercial para Locação no Bairro Victor Konder | Cimo Imóveis	R$6.800,00	Blumenau, Victor Konder	https://sc.olx.com.br/norte-de-santa-catarina/comercio-e-industria/sala-comercial-para-locacao-no-bairro-victor-konder-cimo-imoveis-1387187995
Sala comercial	R$2.000,00	Joinville, Vila Nova	https://sc.olx.com.br/norte-de-santa-catarina/comercio-e-industria/sala-comercial-1387185760
OPORTUNIDADE ÚNICA!!! Vendo imóvel Espetacular com aproximadamente 12.000 m2 em Garuva/SC.	R$4.990.000,00	Garuva	https://sc.olx.com.br/norte-de-santa-catarina/comercio-e-industria/oportunidade-unica-vendo-imovel-espetacular-com-aproximadamente-12-000-m2-em-garuva-sc-1353459260
Sala comercial lagoa	R$3.000,00	Florianópolis, Lagoa da Conceição	https://sc.olx.com.br/florianopolis-e-regiao/comercio-e-industria/sala-comercial-lagoa-1387179034
Galpão Industrial para Locação	R$6.000,00	Palhoça, Barra do Aririú	https://sc.olx.com.br/florianopolis-e-regiao/comercio-e-industria/galpao-industrial-para-locacao-1371784112
Aluguel Galpão Pomerode	----	Pomerode	https://sc.olx.com.br/norte-de-santa-catarina/comercio-e-industria/aluguel-galpao-pomerode-1387170194
Sala Depósitode 200mt2 no centro de Guaramirim, ótimo para contratação de funcionários	R$4.000,00	Guaramirim	https://sc.olx.com.br/norte-de-santa-catarina/comercio-e-industria/sala-depositode-200mt2-no-centro-de-guaramirim-otimo-para-contratacao-de-funcionarios-1387170608
Venda Ponto Comercial - 80m2	----	Itajaí, São João	https://sc.olx.com.br/norte-de-santa-catarina/comercio-e-industria/venda-ponto-comercial-80m2-1385488786
alugo loja frente SC 401 -visibilidade total Business Decor	R$6.250,00	Florianópolis, Saco Grande	https://sc.olx.com.br/florianopolis-e-regiao/comercio-e-industria/alugo-loja-frente-sc-401-visibilidade-total-business-decor-1372680580
LOJA TERREA NA RUA JOAO COLIN EM JOINVILLE	R$1.600,00	Joinville, Vila Nova	https://sc.olx.com.br/norte-de-santa-catarina/comercio-e-industria/loja-terrea-na-rua-joao-colin-em-joinville-1373624863
Terreno Industrial frente BR 470	R$8.000.000,00	Lontras, Centro	https://sc.olx.com.br/norte-de-santa-catarina/comercio-e-industria/terreno-industrial-frente-br-470-1336407085
Sala Comercial	R$1.500,00	Antônio Carlos	https://sc.olx.com.br/florianopolis-e-regiao/comercio-e-industria/sala-comercial-1289090096
Galpão para alugar SC 401	R$14.900,00	Florianópolis, Vargem Grande	https://sc.olx.com.br/florianopolis-e-regiao/comercio-e-industria/galpao-para-alugar-sc-401-1376213466
Loja de Roupas (Negocio valor e aceito permuta)	R$60.000,00	Joinville, Itinga	https://sc.olx.com.br/norte-de-santa-catarina/comercio-e-industria/loja-de-roupas-negocio-valor-e-aceito-permuta-1387156719
Vendo Tradicional Lotérica em Florianópolis anexa a supermercado com grande fluxo	R$290.000,00	Florianópolis, Centro	https://sc.olx.com.br/florianopolis-e-regiao/comercio-e-industria/vendo-tradicional-loterica-em-florianopolis-anexa-a-supermercado-com-grande-fluxo-1387156181
Loja de material de construção em Balneário Camboriú	R$200.000,00	Balneário Camboriú, Centro	https://sc.olx.com.br/norte-de-santa-catarina/comercio-e-industria/loja-de-material-de-construcao-em-balneario-camboriu-1387155187
Excelente Sala Comercial (95 m²) - Bairro Dehon - Tubarão/SC	R$2.200,00	Tubarão, Dehon	https://sc.olx.com.br/florianopolis-e-regiao/comercio-e-industria/excelente-sala-comercial-95-m--bairro-dehon-tubarao-sc-1387154323
Vende ponto de Salão de Beleza Sensualitê	R$390.000,00	Florianópolis, Campeche	https://sc.olx.com.br/florianopolis-e-regiao/comercio-e-industria/vende-ponto-de-salao-de-beleza-sensualite-1380614318
Sala nova a 50m Av Nereu Ramos	R$2.800,00	Itapema	https://sc.olx.com.br/norte-de-santa-catarina/comercio-e-industria/sala-nova-a-50m-av-nereu-ramos-1381701532
ALUGA-SE SALA COMERCIAL, RUA XV DE NOVEMBRO, VILA NOVA JLLE.	R$8.500,00	Joinville, Vila Nova	https://sc.olx.com.br/norte-de-santa-catarina/comercio-e-industria/aluga-se-sala-comercial-rua-xv-de-novembro-vila-nova-jlle-1386447971
Loja no Fort Atacadista	R$600.000,00	Florianópolis, Santo Antônio de Lisboa	https://sc.olx.com.br/florianopolis-e-regiao/comercio-e-industria/loja-no-fort-atacadista-1380720590
VENDO ACADEMIA COMPLETA	R$335.000,00	Blumenau, Centro	https://sc.olx.com.br/norte-de-santa-catarina/comercio-e-industria/vendo-academia-completa-1385303754
OFICINA DE MOTOS COMPLETA	R$90.000,00	Balneário Camboriú, Vila Real	https://sc.olx.com.br/norte-de-santa-catarina/comercio-e-industria/oficina-de-motos-completa-1387147611
Vendo Loja de Auto Peças a 11 anos no mercado.	R$80.000,00	Florianópolis, Capoeiras	https://sc.olx.com.br/florianopolis-e-regiao/comercio-e-industria/vendo-loja-de-auto-pecas-a-11-anos-no-mercado-1374302410
Vendo Loja de Auto Peças a 11 anos no mercado	R$80.000,00	Florianópolis, Capoeiras	https://sc.olx.com.br/florianopolis-e-regiao/comercio-e-industria/vendo-loja-de-auto-pecas-a-11-anos-no-mercado-1384046403
Espaço disponível para Lash designer	R$550,00	Canoinhas, Centro	https://sc.olx.com.br/norte-de-santa-catarina/comercio-e-industria/espaco-disponivel-para-lash-designer-1387141107
Sala estética para sublocar ,dois a três dias disponíveis o dia todo.	----	Florianópolis, Santa Mônica	https://sc.olx.com.br/florianopolis-e-regiao/comercio-e-industria/sala-estetica-para-sublocar-dois-a-tres-dias-disponiveis-o-dia-todo-1387140716
Alugo Galpão 700m² GARUVA	R$10.000,00	Joinville, Petrópolis	https://sc.olx.com.br/norte-de-santa-catarina/comercio-e-industria/alugo-galpao-700m-garuva-1376153466
Sala Comercial no Centro de Palhoça 210m²	R$8.000,00	Palhoça, Centro	https://sc.olx.com.br/florianopolis-e-regiao/comercio-e-industria/sala-comercial-no-centro-de-palhoca-210m-1387137361
Lindo Consultório Odontológico no Centro de Florianópolis	R$190.000,00	Florianópolis, Jardim Atlântico	https://sc.olx.com.br/florianopolis-e-regiao/comercio-e-industria/lindo-consultorio-odontologico-no-centro-de-florianopolis-1361913386
Galpao pará locação!	R$2.800,00	São José, Forquilhas	https://sc.olx.com.br/florianopolis-e-regiao/comercio-e-industria/galpao-para-locacao-1385585639
Aluguel de Consultório Estético para Harmonização Facial	R$220,00	Florianópolis, Rio Tavares	https://sc.olx.com.br/florianopolis-e-regiao/comercio-e-industria/aluguel-de-consultorio-estetico-para-harmonizacao-facial-1336463627
MERCADO A VENDA	R$375.000,00	Joinville, Adhemar Garcia	https://sc.olx.com.br/norte-de-santa-catarina/comercio-e-industria/mercado-a-venda-1376437726
Sala comercial - Lagoa da Conceição	R$2.000,00	Florianópolis, Lagoa da Conceição	https://sc.olx.com.br/florianopolis-e-regiao/comercio-e-industria/sala-comercial-lagoa-da-conceicao-1386424140
Aluga-se sala comercial com opção de comprar os móveis.	R$1.800,00	Tubarão, Humaitá	https://sc.olx.com.br/florianopolis-e-regiao/comercio-e-industria/aluga-se-sala-comercial-com-opcao-de-comprar-os-moveis-1387129677
Permuta imóvel, ja FOI VENDIDA...localização Portugal Algarve / lagos praia	R$15.000.000,00	Florianópolis, Ingleses do Rio Vermelho	https://sc.olx.com.br/florianopolis-e-regiao/comercio-e-industria/permuta-imovel-ja-foi-vendida-localizacao-portugal-algarve-lagos-praia-1255949187
